{
    "array_mult": [
        [
            
            110,
            0.2525069069999972
        ],
        [
            131,
            0.41542278800000076
        ],
        [
            154,
            0.6871054220000019
        ],
        [
            179,
            1.0706489600000282
        ],
        [
            206,
            1.613568334999968
        ],
        [
            235,
            2.3913649190000115
        ],
        [
            266,
            3.508326726000007
        ],
        [
            299,
            4.944186216999981
        ],
        [
            334,
            6.883522431000017
        ],
        [
            371,
            9.469758567999975
        ],
        [
            410,
            12.754656806999947
        ]
    ],
    "bb_rec": [
        [
            5242880,
            1.152200002252357e-05
        ],
        [
            6291456,
            1.2773999969795113e-05
        ],
        [
            7340032,
            1.209300000937219e-05
        ],
        [
            8388608,
            1.1722000010649936e-05
        ],
        [
            9437184,
            1.482800001895157e-05
        ],
        [
            10485760,
            1.3205000016114354e-05
        ],
        [
            11534336,
            1.3475000002927118e-05
        ],
        [
            12582912,
            1.3065000018741557e-05
        ],
        [
            13631488,
            1.2643999980355147e-05
        ],
        [
            14680064,
            1.2984000022697728e-05
        ]
    ],
    "bb_iter": [
        [
            5242880,
            1.0309000003871915e-05
        ],
        [
            6291456,
            1.1320999988129188e-05
        ],
        [
            7340032,
            1.1822000033134827e-05
        ],
        [
            8388608,
            1.1481999990792247e-05
        ],
        [
            9437184,
            1.2103000017305021e-05
        ],
        [
            10485760,
            1.0210000027655042e-05
        ],
        [
            11534336,
            1.1231999963001726e-05
        ],
        [
            12582912,
            1.1962000030507625e-05
        ],
        [
            13631488,
            1.1852999989514501e-05
        ],
        [
            14680064,
            1.1631999996097875e-05
        ]
    ],
    "array_dot": [
        [
            110,
            0.007505469999955494
        ],
        [
            131,
            0.0003203839999628144
        ],
        [
            154,
            0.00024755699996603653
        ],
        [
            179,
            0.00034792599996080753
        ],
        [
            206,
            0.00012623800000710617
        ],
        [
            235,
            0.00018605000002480665
        ],
        [
            266,
            0.0003096529999879749
        ],
        [
            299,
            0.0003590869999925417
        ],
        [
            334,
            0.0018380459999889354
        ],
        [
            371,
            0.0007297759999573827
        ],
        [
            410,
            0.001047104000008403
        ]
    ]
}