{
    "array_mult": [
        [
            110,
            0.25475355200001104
        ],
        [
            131,
            0.41438981980002154
        ],
        [
            154,
            0.6733724388999918
        ],
        [
            179,
            1.0578157280999902
        ],
        [
            206,
            1.6067383823
        ],
        [
            235,
            2.481128161499987
        ],
        [
            266,
            3.491518502199983
        ],
        [
            299,
            4.91506501179997
        ],
        [
            334,
            6.8695472333
        ],
        [
            371,
            9.435879371700002
        ],
        [
            410,
            12.770006069200008
        ]
    ],
    "bb_rec": [
        [
            5242880,
            2.484980000190262e-06
        ],
        [
            6291456,
            2.7260400020168164e-06
        ],
        [
            7340032,
            2.4298800008182297e-06
        ],
        [
            8388608,
            2.4013299980651935e-06
        ],
        [
            9437184,
            2.725640001699503e-06
        ],
        [
            10485760,
            2.706899999793677e-06
        ],
        [
            11534336,
            2.8135999991718564e-06
        ],
        [
            12582912,
            2.8263300009712113e-06
        ],
        [
            13631488,
            2.5585200000932675e-06
        ],
        [
            14680064,
            2.573849997133948e-06
        ]
    ],
    "bb_iter": [
        [
            5242880,
            2.1767099997305196e-06
        ],
        [
            6291456,
            2.120189997185662e-06
        ],
        [
            7340032,
            1.9253300024502097e-06
        ],
        [
            8388608,
            1.93394000234548e-06
        ],
        [
            9437184,
            2.1262099971863792e-06
        ],
        [
            10485760,
            2.1086800006742125e-06
        ],
        [
            11534336,
            2.2244999991016814e-06
        ],
        [
            12582912,
            2.2076599998399614e-06
        ],
        [
            13631488,
            2.0301299991842825e-06
        ],
        [
            14680064,
            2.0243100016159586e-06
        ]
    ],
    "array_dot": [
        [
            110,
            2.7175200011697596e-05
        ],
        [
            131,
            3.502800000205752e-05
        ],
        [
            154,
            4.7311199978139484e-05
        ],
        [
            179,
            7.095579999258917e-05
        ],
        [
            206,
            0.00010934420001831313
        ],
        [
            235,
            0.00016049669998210447
        ],
        [
            266,
            0.00023515130001214857
        ],
        [
            299,
            0.0002720820999911666
        ],
        [
            334,
            0.0003670650999993086
        ],
        [
            371,
            0.0005505122000158735
        ],
        [
            410,
            0.0009220608000305219
        ]
    ]
}