{
    "array_mult": [
        [
            110,
            0.2432582574999998
        ],
        [
            131,
            0.40915315149999854
        ],
        [
            154,
            0.6698109363000014
        ],
        [
            179,
            1.0457409858000006
        ],
        [
            206,
            1.5880121770000017
        ],
        [
            235,
            2.357454277700003
        ],
        [
            266,
            3.4120502050000026
        ],
        [
            299,
            4.897341820700001
        ],
        [
            334,
            6.791511634599999
        ],
        [
            371,
            9.349124781899992
        ],
        [
            410,
            12.608751902100039
        ]
    ],
    "bb_rec": [
        [
            5,
            2.6570000045467167e-07
        ],
        [
            12,
            3.894300016327179e-07
        ],
        [
            28,
            4.794000005858834e-07
        ],
        [
            64,
            6.726600031470298e-07
        ],
        [
            144,
            7.638299985046615e-07
        ],
        [
            320,
            8.881699977791868e-07
        ],
        [
            704,
            9.8575000265555e-07
        ],
        [
            1536,
            1.1185900029886398e-06
        ],
        [
            3328,
            1.2413299964464385e-06
        ],
        [
            7168,
            1.3404200035438406e-06
        ]
    ],
    "bb_iter": [
        [
            5,
            2.4215999928856034e-07
        ],
        [
            12,
            2.983600006700726e-07
        ],
        [
            28,
            3.878300003634649e-07
        ],
        [
            64,
            5.484199982674909e-07
        ],
        [
            144,
            6.260700001803343e-07
        ],
        [
            320,
            7.1574000230612e-07
        ],
        [
            704,
            8.182300007320009e-07
        ],
        [
            1536,
            8.962800029621576e-07
        ],
        [
            3328,
            9.971700001187855e-07
        ],
        [
            7168,
            1.0973600001307205e-06
        ]
    ],
    "array_dot": [
        [
            110,
            2.9075333335034276e-05
        ],
        [
            131,
            3.907158331154884e-05
        ],
        [
            154,
            5.174450003172145e-05
        ],
        [
            179,
            7.540050000898191e-05
        ],
        [
            206,
            0.00010572649997205492
        ],
        [
            235,
            0.00015777416664756552
        ],
        [
            266,
            0.00022346808331500748
        ],
        [
            299,
            0.00027912325000064203
        ],
        [
            334,
            0.0003699476666649086
        ],
        [
            371,
            0.0005722794999959054
        ],
        [
            410,
            0.0010695266666592336
        ],
        [
            451,
            0.0013480197499878461
        ],
        [
            494,
            0.0016877254166729472
        ],
        [
            539,
            0.002165285916665501
        ],
        [
            586,
            0.002474603333325831
        ],
        [
            635,
            0.002714790833351799
        ],
        [
            686,
            0.003221339333360144
        ],
        [
            739,
            0.00412594975000502
        ],
        [
            794,
            0.004401451333327107
        ],
        [
            851,
            0.005574569833356691
        ]
    ],
    "l_timings_min": [
        [
            5,
            1.2507599967648274e-06
        ],
        [
            12,
            2.343400001336704e-06
        ],
        [
            28,
            5.0007799927698215e-06
        ],
        [
            64,
            9.528859991405624e-06
        ],
        [
            144,
            2.4154499997166567e-05
        ],
        [
            320,
            5.775610000455345e-05
        ],
        [
            704,
            6.740617999639653e-05
        ],
        [
            1536,
            0.0001531094599977223
        ],
        [
            3328,
            0.0003362715599996591
        ],
        [
            7168,
            0.0007236643000032928
        ]
    ],
    "l_timings_minsh": [
        [
            5,
            5.4073399951448666e-06
        ],
        [
            12,
            1.9412999999985914e-05
        ],
        [
            28,
            8.234900000388735e-05
        ],
        [
            64,
            0.0003841726400059997
        ],
        [
            144,
            0.001835956700006136
        ],
        [
            320,
            0.008896706539999286
        ],
        [
            704,
            0.044253143979995004
        ],
        [
            1536,
            0.21633794155999567
        ],
        [
            3328,
            1.0276631620999979
        ],
        [
            7168,
            4.820723096219999
        ]
    ]
}