{
    "array_mult": [],
    "bb_rec": [
        [
            5,
            7.982399984030053e-07
        ],
        [
            12,
            1.137790004577255e-06
        ],
        [
            28,
            1.4370700046129058e-06
        ],
        [
            64,
            2.087129996652948e-06
        ],
        [
            144,
            2.4361999930988533e-06
        ],
        [
            320,
            2.896490004786756e-06
        ],
        [
            704,
            3.208189991710242e-06
        ],
        [
            1536,
            3.107190004811855e-06
        ],
        [
            3328,
            3.434919999563135e-06
        ],
        [
            7168,
            3.757049998966977e-06
        ]
    ],
    "bb_iter": [
        [
            5,
            6.481499985966365e-07
        ],
        [
            12,
            9.341999975731596e-07
        ],
        [
            28,
            1.1702600022545084e-06
        ],
        [
            64,
            1.6547899940633216e-06
        ],
        [
            144,
            2.01307999304845e-06
        ],
        [
            320,
            2.158860006602481e-06
        ],
        [
            704,
            2.4907099941628986e-06
        ],
        [
            1536,
            2.787379999062978e-06
        ],
        [
            3328,
            3.1121000029088465e-06
        ],
        [
            7168,
            3.4049600071739406e-06
        ]
    ],
    "array_dot": [
        [
            110,
            8.635058323610186e-05
        ],
        [
            131,
            0.00013260816664721156
        ],
        [
            154,
            0.0002074131666631729
        ],
        [
            179,
            0.00032005541667482856
        ],
        [
            206,
            0.0005100524167573894
        ],
        [
            235,
            0.0006514509166966794
        ],
        [
            266,
            0.00084370816663674
        ],
        [
            299,
            0.0011928337500345758
        ],
        [
            334,
            0.0016256832498887281
        ],
        [
            371,
            0.0022734152500258156
        ],
        [
            410,
            0.0029629946666318574
        ],
        [
            451,
            0.005861268666649266
        ],
        [
            494,
            0.007822140583205813
        ],
        [
            539,
            0.00966268550003709
        ],
        [
            586,
            0.012246550166764791
        ],
        [
            635,
            0.015387810916763556
        ],
        [
            686,
            0.019120922083250964
        ],
        [
            739,
            0.017311936500088148
        ],
        [
            794,
            0.021415121083312744
        ],
        [
            851,
            0.024650686249970022
        ]
    ],
    "l_timings_min": [
        [
            5,
            2.5312799880339297e-06
        ],
        [
            12,
            4.7733000064908996e-06
        ],
        [
            28,
            1.0285230000590673e-05
        ],
        [
            64,
            2.183268999942811e-05
        ],
        [
            144,
            4.736220000268076e-05
        ],
        [
            320,
            6.517705998703604e-05
        ],
        [
            704,
            0.00014596831000744713
        ],
        [
            1536,
            0.00031073875999936717
        ],
        [
            3328,
            0.0006739193300018087
        ],
        [
            7168,
            0.0014740726099989844
        ]
    ]
}