{
    "array_mult": [],
    "bb_rec": [
        [
            5,
            5.49039996258216e-07
        ],
        [
            12,
            8.029200034798123e-07
        ],
        [
            28,
            9.691299965197686e-07
        ],
        [
            64,
            1.4168800043989905e-06
        ],
        [
            144,
            1.6031399900384713e-06
        ],
        [
            320,
            1.8353799896431155e-06
        ],
        [
            704,
            2.0878599934803786e-06
        ],
        [
            1536,
            2.340629998798249e-06
        ],
        [
            3328,
            2.595909991214285e-06
        ],
        [
            7168,
            2.8526999994937795e-06
        ]
    ],
    "bb_iter": [
        [
            5,
            4.937400080962107e-07
        ],
        [
            12,
            6.292899888649117e-07
        ],
        [
            28,
            7.978100074979011e-07
        ],
        [
            64,
            1.1293399984424468e-06
        ],
        [
            144,
            1.3283200132718776e-06
        ],
        [
            320,
            1.5539500054728706e-06
        ],
        [
            704,
            1.8027099940809422e-06
        ],
        [
            1536,
            1.959010005521122e-06
        ],
        [
            3328,
            2.158089992008172e-06
        ],
        [
            7168,
            2.3554600011266304e-06
        ]
    ],
    "array_dot": [
        [
            110,
            0.00012672500015469267
        ],
        [
            131,
            0.0001651878001212026
        ],
        [
            154,
            0.00026797549999173497
        ],
        [
            179,
            0.00042897429993900006
        ],
        [
            206,
            0.0004067382000357611
        ],
        [
            235,
            0.0005668072999469587
        ],
        [
            266,
            0.0007373652999376646
        ],
        [
            299,
            0.0010556850998909794
        ],
        [
            334,
            0.0015427331998580484
        ],
        [
            371,
            0.0019469185999696492
        ],
        [
            410,
            0.002197322800020629
        ]
    ]
}